{
    "vertices": [
        [
            -0.6220242381095886,
            -0.40567922592163086,
            -0.4440348446369171
        ],
        [
            -0.6220242381095886,
            -0.40567922592163086,
            0.367323637008667
        ],
        [
            -0.6220242381095886,
            0.40567922592163086,
            -0.4440348446369171
        ],
        [
            -0.6220242381095886,
            0.40567922592163086,
            0.367323637008667
        ],
        [
            0.18933428823947906,
            -0.40567922592163086,
            -0.4440348446369171
        ],
        [
            0.18933428823947906,
            -0.40567922592163086,
            0.367323637008667
        ],
        [
            0.18933428823947906,
            0.40567922592163086,
            -0.4440348446369171
        ],
        [
            0.18933428823947906,
            0.40567922592163086,
            0.367323637008667
        ],
        [
            0.32182776927948,
            0.23595939576625824,
            0.09957186132669449
        ],
        [
            0.6386207938194275,
            -0.14441831409931183,
            0.09957186132669449
        ],
        [
            0.2582430839538574,
            -0.46121132373809814,
            0.09957186132669449
        ],
        [
            -0.058549948036670685,
            -0.08083361387252808,
            0.09957186132669449
        ],
        [
            0.2900354266166687,
            -0.11262597143650055,
            0.79963618516922
        ]
    ],
    "indices": [
        [
            1,
            2,
            0
        ],
        [
            3,
            6,
            2
        ],
        [
            7,
            4,
            6
        ],
        [
            5,
            0,
            4
        ],
        [
            6,
            0,
            2
        ],
        [
            3,
            5,
            7
        ],
        [
            1,
            3,
            2
        ],
        [
            3,
            7,
            6
        ],
        [
            7,
            5,
            4
        ],
        [
            5,
            1,
            0
        ],
        [
            6,
            4,
            0
        ],
        [
            3,
            1,
            5
        ],
        [
            8,
            12,
            9
        ],
        [
            9,
            12,
            10
        ],
        [
            9,
            10,
            11
        ],
        [
            9,
            11,
            8
        ],
        [
            10,
            12,
            11
        ],
        [
            11,
            12,
            8
        ]
    ]
}